,Product_name,Discount,Discounted_Price,Original_Price,Product_Url,Product_Rating,No_of_ratings,Platform
1,Good Life Toor Dal 1 kg, 21%  , 108.00, 137.00,https://www.jiomart.com/good-life-toor-dal-1-kg-491187264,0, 0,Jiomart
2,Good Life Rice Bran Oil 1 Ltr, 21%  , 99.00, 125.00,https://www.jiomart.com/good-life-rice-bran-oil-1-ltr-491472706,0, 0,Jiomart
3,Good Life Urad Dal 500 g, 12%  , 70.00, 80.00,https://www.jiomart.com/good-life-urad-dal-500-g-491187306,0, 0,Jiomart
4,Good Life Jeerasar Rice 1 kg, 17%  , 49.00, 59.00,https://www.jiomart.com/good-life-jeerasar-rice-1-kg-491185259,0, 0,Jiomart
5,India Gate Basmati Rice Rozana 5 Kg, 22%  , 389.00, 500.00,https://www.jiomart.com/india-gate-basmati-rice-rozana-5-kg-490427669,0, 0,Jiomart
6,Suhana Ambari Mirchi Powder 100 g, 7%  , 39.99, 43.00,https://www.jiomart.com/suhana-ambari-mirchi-powder-100-g-490017818,0, 0,Jiomart
7,Loose Chana Dal 1 kg, 10%  , 61.00, 68.00,https://www.jiomart.com/loose-chana-dal-1-kg-490155015,0, 0,Jiomart
8,Best Farm Maize Popcorn Kernels 500 g, 7%  , 55.80, 60.00,https://www.jiomart.com/best-farm-maize-popcorn-kernels-500-g-491185269,0, 0,Jiomart
9,Fortune Jubilee Regular Long Grain Rice 1 kg, 71%  , 43.00, 150.00,https://www.jiomart.com/fortune-jubilee-regular-long-grain-rice-1-kg-491215475,0, 0,Jiomart
10,Loose Moong Dal 1 kg, 2%  , 130.00, 132.00,https://www.jiomart.com/loose-moong-dal-1-kg-490155010,0, 0,Jiomart
11,Good Life Thick Poha / Aval 500 g, 18%  , 23.00, 28.00,https://www.jiomart.com/good-life-thick-poha-aval-500-g-491185265,0, 0,Jiomart
12,Kohinoor Charminar Rozana Rice 5 Kg, 46%  , 279.00, 515.00,https://www.jiomart.com/kohinoor-charminar-rozana-rice-5-kg-490784891,0, 0,Jiomart
13,Date Crown Fard Dates 500 g, 17%  , 186.00, 225.00,https://www.jiomart.com/date-crown-fard-dates-500-g-490479104,0, 0,Jiomart
14,Gulab Filtered Groundnut Oil 5 L (Jar), 11%  , 899.00," 1,007.00",https://www.jiomart.com/gulab-filtered-groundnut-oil-5-l-jar-490022513,0, 0,Jiomart
15,Good Life Tibar Basmati Rice 1Kg, 30%  , 69.00, 99.00,https://www.jiomart.com/good-life-tibar-basmati-rice-1kg-491539467,0, 0,Jiomart
16,Good Life Sugar M 1 Kg, 13%  , 45.00, 52.00,https://www.jiomart.com/good-life-sugar-m-1-kg-491551493,0, 0,Jiomart
17,Good Life Sugar M 5 kg, 20%  , 209.00, 260.00,https://www.jiomart.com/good-life-sugar-m-5-kg-491551495,0, 0,Jiomart
18,Good Life Raw Peanuts 500 g, 17%  , 83.00, 100.00,https://www.jiomart.com/good-life-raw-peanuts-500-g-491278616,0, 0,Jiomart
19,Pick N Cook Maha Toor Dal 1 kg, 17%  , 120.00, 144.00,https://www.jiomart.com/pick-n-cook-maha-toor-dal-1-kg-490555247,0, 0,Jiomart
20,Good Life Surti Kolam Rice 1 kg, 17%  , 62.00, 75.00,https://www.jiomart.com/good-life-surti-kolam-rice-1-kg-491278621,0, 0,Jiomart
21,Trust Classic Sulphurless Sugar 1 kg, 29%  , 46.00, 65.00,https://www.jiomart.com/trust-classic-sulphurless-sugar-1-kg-490768919,0, 0,Jiomart
22,Laxmi Poha 1 kg, 18%  , 53.00, 65.00,https://www.jiomart.com/laxmi-poha-1-kg-491253022,0, 0,Jiomart
23,Plain Toor Dal 2 kg, 32%  , 190.00, 280.00,https://www.jiomart.com/plain-toor-dal-2-kg-491417390,0, 0,Jiomart
24,Healthy Heart Refined Rice Bran Oil 1 L, 11%  , 102.00, 115.00,https://www.jiomart.com/healthy-heart-refined-rice-bran-oil-1-l-490517425,0, 0,Jiomart
25,Aashirvaad Whole Wheat Atta 5 Kg, 14%  , 210.00, 245.00,https://www.jiomart.com/aashirvaad-whole-wheat-atta-5-kg-490000038,0, 0,Jiomart
26,India Gate Classic Basmati Rice 1 Kg, 12%  , 189.00, 216.00,https://www.jiomart.com/india-gate-classic-basmati-rice-1-kg-490008230,0, 0,Jiomart
27,Good Life Jeera 100 g, 50%  , 30.00, 60.00,https://www.jiomart.com/good-life-jeera-100-g-491185109,0, 0,Jiomart
28,Aashirvaad Whole Wheat Atta 1 kg, 7%  , 48.36, 52.00,https://www.jiomart.com/aashirvaad-whole-wheat-atta-1-kg-490000032,0, 0,Jiomart
29,Good Life MP Wheat Chakki Atta 1 kg, 22%  , 39.00, 50.00,https://www.jiomart.com/good-life-mp-wheat-chakki-atta-1-kg-491458271,0, 0,Jiomart
30,Good Life Green Cardamom 25 g, 7%  , 147.87, 159.00,https://www.jiomart.com/good-life-green-cardamom-25-g-491185105,0, 0,Jiomart
31,Loose Sugar M 1 Kg, 9%  , 39.00, 43.00,https://www.jiomart.com/loose-sugar-m-1-kg-490176160,0, 0,Jiomart
32,Pick N Cook Masoor Dal 500 g, 10%  , 63.00, 70.00,https://www.jiomart.com/pick-n-cook-masoor-dal-500-g-490398115,0, 0,Jiomart
33,Sunny Sunlite Refined Sunflower Oil 1 L (Pouch), 14%  , 99.00, 115.00,https://www.jiomart.com/sunny-sunlite-refined-sunflower-oil-1-l-pouch-491091676,0, 0,Jiomart
34,Aashirvaad Whole Wheat Atta 10 Kg, 14%  , 385.00, 450.00,https://www.jiomart.com/aashirvaad-whole-wheat-atta-10-kg-490000041,0, 0,Jiomart
35,Saffola Gold Edible Vegetable Blended Oil 5 L (Jar), 7%  , 765.00, 825.00,https://www.jiomart.com/saffola-gold-edible-vegetable-blended-oil-5-l-jar-490005648,0, 0,Jiomart
36,Loose HMT Kolam Rice 1 Kg, 9%  , 43.00, 47.00,https://www.jiomart.com/loose-hmt-kolam-rice-1-kg-490201489,0, 0,Jiomart
37,Loose Pulav Rice Standard 1 Kg,0, 54.00, 54.00,https://www.jiomart.com/loose-pulav-rice-standard-1-kg-490201503,0, 0,Jiomart
38,Shree Jeera 100 g, 7%  , 43.71, 47.00,https://www.jiomart.com/shree-jeera-100-g-490011037,0, 0,Jiomart
39,Good Life MP Wheat Chakki Atta 10 kg, 19%  , 325.00, 400.00,https://www.jiomart.com/good-life-mp-wheat-chakki-atta-10-kg-491458273,0, 0,Jiomart
40,Tez Kachi Ghani Mustard Oil 1 L (Bottle), 7%  , 139.50, 150.00,https://www.jiomart.com/tez-kachi-ghani-mustard-oil-1-l-bottle-490006686,0, 0,Jiomart
41,Priya Refined Sunflower Oil 1 L (Pouch), 18%  , 94.00, 115.00,https://www.jiomart.com/priya-refined-sunflower-oil-1-l-pouch-491278308,0, 0,Jiomart
42,Good Life Refined Sunflower Oil 1 L (Pouch), 12%  , 101.00, 115.00,https://www.jiomart.com/good-life-refined-sunflower-oil-1-l-pouch-491074036,0, 0,Jiomart
43,Daawat Rozana Gold Basmati Rice 5 kg, 23%  , 379.00, 495.00,https://www.jiomart.com/daawat-rozana-gold-basmati-rice-5-kg-490005638,0, 0,Jiomart
44,Good Life Jeera 500 g, 30%  , 119.00, 169.00,https://www.jiomart.com/good-life-jeera-500-g-491185140,0, 0,Jiomart
45,Daawat Devayya Basmati Rice 1 Kg, 23%  , 85.00, 110.00,https://www.jiomart.com/daawat-devayya-basmati-rice-1-kg-490005639,0, 0,Jiomart
46,Good Life Big Mustard 100 g, 50%  , 13.00, 26.00,https://www.jiomart.com/good-life-big-mustard-100-g-491185141,0, 0,Jiomart
47,Saffola Active RiceBran Based Blended Oil 1 L (Pouch), 12%  , 119.00, 135.00,https://www.jiomart.com/saffola-active-ricebran-based-blended-oil-1-l-pouch-490437774,0, 0,Jiomart
48,Good Life Jeera 200 g, 50%  , 54.50, 109.00,https://www.jiomart.com/good-life-jeera-200-g-491185139,0, 0,Jiomart
49,Daawat Super Basmati Rice 1 Kg, 33%  , 111.00, 165.00,https://www.jiomart.com/daawat-super-basmati-rice-1-kg-490000003,0, 0,Jiomart
50,Super Sarvottam Rice Bran Oil 1 ltr, 37%  , 94.00, 149.00,https://www.jiomart.com/super-sarvottam-rice-bran-oil-1-ltr-491504124,0, 0,Jiomart
51,Loose Lokwan Grade 1 1 Kg, 14%  , 28.00, 32.50,https://www.jiomart.com/loose-lokwan-grade-1-1-kg-490174095,0, 0,Jiomart
52,Tez Kachi Ghani Mustard Oil 1 L (Pouch), 8%  , 135.00, 146.00,https://www.jiomart.com/tez-kachi-ghani-mustard-oil-1-l-pouch-490064782,0, 0,Jiomart
53,Daawat Devayya Basmati Rice 5 Kg, 27%  , 399.00, 545.00,https://www.jiomart.com/daawat-devayya-basmati-rice-5-kg-490005640,0, 0,Jiomart
54,Aashirvaad Select Sharbati Atta 5Kg, 10%  , 265.00, 295.00,https://www.jiomart.com/aashirvaad-select-sharbati-atta-5kg-490005641,0, 0,Jiomart
55,Everest Turmeric Powder 100 g, 12%  , 24.64, 28.00,https://www.jiomart.com/everest-turmeric-powder-100-g-490000522,0, 0,Jiomart
56,Good Life Fine Mustard 100 g, 50%  , 13.00, 26.00,https://www.jiomart.com/good-life-fine-mustard-100-g-491185145,0, 0,Jiomart
57,Guinea Filtered Pure Groundnut Oil 1 L, 10%  , 220.00, 245.00,https://www.jiomart.com/guinea-filtered-pure-groundnut-oil-1-l-490010609,0, 0,Jiomart
58,Wada Kolam Rice 10 kg Bag, 31%  , 549.00, 800.00,https://www.jiomart.com/wada-kolam-rice-10-kg-bag-491439756,0, 0,Jiomart
59,Loose Toor Dal Value 1 kg, 6%  , 95.00, 101.00,https://www.jiomart.com/loose-toor-dal-value-1-kg-490155005,0, 0,Jiomart
60,Good Life Chilli Powder 100 g, 50%  , 31.00, 62.00,https://www.jiomart.com/good-life-chilli-powder-100-g-491185046,0, 0,Jiomart
61,Good Life Coriander Powder 100 g, 50%  , 23.00, 46.00,https://www.jiomart.com/good-life-coriander-powder-100-g-491185047,0, 0,Jiomart
62,Chakki Atta 5 Kg Bag, 36%  , 159.00, 250.00,https://www.jiomart.com/chakki-atta-5-kg-bag-491349659,0, 0,Jiomart
63,Maida 500 g, 50%  , 21.50, 43.00,https://www.jiomart.com/maida-500-g-491349661,0, 0,Jiomart
64,Dukes Masala Nibbles 150 g, 30%  , 35.00, 50.00,https://www.jiomart.com/dukes-masala-nibbles-150-g-491335112,0, 0,Jiomart
65,Garden Mumbai Special Lemon Bhel 150 g, 10%  , 43.20, 48.00,https://www.jiomart.com/garden-mumbai-special-lemon-bhel-150-g-490011574,0, 0,Jiomart
66,Dukes Waffy Strawberry Flavoured Wafers 75 g, 50%  , 22.50, 45.00,https://www.jiomart.com/dukes-waffy-strawberry-flavoured-wafers-75-g-490006834,0, 0,Jiomart
67,Sunfeast Dark Fantasy Choco Fills Cookies 75 g, 17%  , 25.00, 30.00,https://www.jiomart.com/sunfeast-dark-fantasy-choco-fills-cookies-75-g-490762566,0, 0,Jiomart
68,Cadbury Dairy Milk Silk Bubbly Chocolate Bar 50 g, 7%  , 74.40, 80.00,https://www.jiomart.com/cadbury-dairy-milk-silk-bubbly-chocolate-bar-50-g-491213888,0, 0,Jiomart
69,Quaker Oats 1.5 kg, 12%  , 230.00, 260.00,https://www.jiomart.com/quaker-oats-1-5-kg-490850761,0, 0,Jiomart
70,Britannia Good Day Cashew Cookies 200 g, 20%  , 28.00, 35.00,https://www.jiomart.com/britannia-good-day-cashew-cookies-200-g-490176188,0, 0,Jiomart
71,MTR 3 Minute Breakfast Instant Khatta Meetha Poha Mix 60 g, 50%  , 10.00, 20.00,https://www.jiomart.com/mtr-3-minute-breakfast-instant-khatta-meetha-poha-mix-60-g-491179469,0, 0,Jiomart
72,Kissan Fresh Tomato Ketchup 950 g, 12%  , 110.00, 125.00,https://www.jiomart.com/kissan-fresh-tomato-ketchup-950-g-490503479,0, 0,Jiomart
73,MTR 3 Minute Breakfast Instant Poha Mix 60 g, 50%  , 10.00, 20.00,https://www.jiomart.com/mtr-3-minute-breakfast-instant-poha-mix-60-g-491179467,0, 0,Jiomart
74,Healthy Life Crunchy Cornflakes 875 g, 50%  , 145.00, 290.00,https://www.jiomart.com/healthy-life-crunchy-cornflakes-875-g-491238103,0, 0,Jiomart
75,Cadbury Dairy Milk Chocolate Bar 52 g (Value Pack), 7%  , 37.20, 40.00,https://www.jiomart.com/cadbury-dairy-milk-chocolate-bar-52-g-value-pack-491279068,0, 0,Jiomart
76,Sundrop Crunchy Peanut Butter 462 g (+46 g), 9%  , 195.00, 215.00,https://www.jiomart.com/sundrop-crunchy-peanut-butter-462-g-46-g-490547881,0, 0,Jiomart
77,Parle's Tangy Tomato Wafers 80 g, 7%  , 27.90, 30.00,https://www.jiomart.com/parle-s-tangy-tomato-wafers-80-g-491231698,0, 0,Jiomart
78,Parle-G Original Glucose Biscuits 800 g, 9%  , 64.00, 70.00,https://www.jiomart.com/parle-g-original-glucose-biscuits-800-g-490008739,0, 0,Jiomart
79,Parle-G Gold Biscuits 1 kg, 13%  , 100.00, 115.00,https://www.jiomart.com/parle-g-gold-biscuits-1-kg-491335633,0, 0,Jiomart
80,Bingo Yumitos Chilli Sprinkled Potato Chips 130 g, 50%  , 25.00, 50.00,https://www.jiomart.com/bingo-yumitos-chilli-sprinkled-potato-chips-130-g-491551827,0, 0,Jiomart
81,Britannia NutriChoice Hi-Fibre Digestive Biscuits 100 g, 20%  , 16.00, 20.00,https://www.jiomart.com/britannia-nutrichoice-hi-fibre-digestive-biscuits-100-g-490007701,0, 0,Jiomart
82,Haldiram's Nagpur Khatta Meetha 150 g, 7%  , 27.90, 30.00,https://www.jiomart.com/haldiram-s-nagpur-khatta-meetha-150-g-490000278,0, 0,Jiomart
83,Healthy Life Pure Honey 400 g (Get +400 g Extra),0, 317.00, 317.00,https://www.jiomart.com/healthy-life-pure-honey-400-g-get-400-g-extra-491586287,0, 0,Jiomart
84,Cadbury Dairy Milk Silk Oreo Chocolate Bar 60 g, 7%  , 74.40, 80.00,https://www.jiomart.com/cadbury-dairy-milk-silk-oreo-chocolate-bar-60-g-491317355,0, 0,Jiomart
85,Sunfeast Dark Fantasy Choco Fill Cookies 300 g, 33%  , 80.00, 120.00,https://www.jiomart.com/sunfeast-dark-fantasy-choco-fill-cookies-300-g-491319789,0, 0,Jiomart
86,Kit Kat Wafer Chocolate Bar 132 g, 15%  , 85.00, 100.00,https://www.jiomart.com/kit-kat-wafer-chocolate-bar-132-g-491011052,0, 0,Jiomart
87,Parle Monaco Salted Biscuits 200 g, 10%  , 27.00, 30.00,https://www.jiomart.com/parle-monaco-salted-biscuits-200-g-490000415,0, 0,Jiomart
88,Pillsbury Choco Trio Cookie Cake 120 g, 18%  , 49.00, 60.00,https://www.jiomart.com/pillsbury-choco-trio-cookie-cake-120-g-491299174,0, 0,Jiomart
89,Parle Krack Jack Biscuits 200 g, 7%  , 28.00, 30.00,https://www.jiomart.com/parle-krack-jack-biscuits-200-g-490000411,0, 0,Jiomart
90,MTR Instant Dosa Mix 500 g, 10%  , 99.00, 110.00,https://www.jiomart.com/mtr-instant-dosa-mix-500-g-490000389,0, 0,Jiomart
91,MTR Instant Rava Dosa Mix 500 g, 10%  , 99.00, 110.00,https://www.jiomart.com/mtr-instant-rava-dosa-mix-500-g-490008967,0, 0,Jiomart
92,Garden Mumbai Special Diet Bhel 150 g, 10%  , 43.20, 48.00,https://www.jiomart.com/garden-mumbai-special-diet-bhel-150-g-490009216,0, 0,Jiomart
93,Britannia Vita Marie Gold Biscuits 300 g, 10%  , 36.00, 40.00,https://www.jiomart.com/britannia-vita-marie-gold-biscuits-300-g-490016258,0, 0,Jiomart
94,Mcvitie's Digestive Biscuits Value Pack 200 g, 40%  , 24.00, 40.00,https://www.jiomart.com/mcvitie-s-digestive-biscuits-value-pack-200-g-491551732,0, 0,Jiomart
95,Haldiram's Nagpur Tasty Nuts 150 g, 7%  , 30.69, 33.00,https://www.jiomart.com/haldiram-s-nagpur-tasty-nuts-150-g-490000268,0, 0,Jiomart
96,Kellogg's Chocos Moon & Stars 1.2 kg, 50%  , 262.50, 525.00,https://www.jiomart.com/kellogg-s-chocos-moon-stars-1-2-kg-491586164,0, 0,Jiomart
97,Haldiram's Nagpur Aloo Bhujia 150 g, 7%  , 32.55, 35.00,https://www.jiomart.com/haldiram-s-nagpur-aloo-bhujia-150-g-490000270,0, 0,Jiomart
98,Snactac Chocolate Wafers 75 g, 50%  , 22.50, 45.00,https://www.jiomart.com/snactac-chocolate-wafers-75-g-491551863,0, 0,Jiomart
99,MTR Vermicelli 850 g, 12%  , 70.00, 80.00,https://www.jiomart.com/mtr-vermicelli-850-g-490008968,0, 0,Jiomart
100,Amul Choco Minis 250 g, 18%  , 99.00, 120.00,https://www.jiomart.com/amul-choco-minis-250-g-490115466,0, 0,Jiomart
101,Dukes Salted Nibbles 150 g, 30%  , 35.00, 50.00,https://www.jiomart.com/dukes-salted-nibbles-150-g-490867199,0, 0,Jiomart
102,Dukes Nice Biscuits 150 g (Pack of 3), 10%  , 44.00, 49.00,https://www.jiomart.com/dukes-nice-biscuits-150-g-pack-of-3-491249671,0, 0,Jiomart
103,Cadbury Dairy Milk Chocolate Bar 12 g, 7%  , 9.30, 10.00,https://www.jiomart.com/cadbury-dairy-milk-chocolate-bar-12-g-490000241,0, 0,Jiomart
104,Cadbury Dairy Milk Chocolate Bar 25.3 g, 10%  , 18.00, 20.00,https://www.jiomart.com/cadbury-dairy-milk-chocolate-bar-25-3-g-490000242,0, 0,Jiomart
105,Cadbury Dairy Milk Fruit & Nut Chocolate Bar 36 g, 7%  , 41.85, 45.00,https://www.jiomart.com/cadbury-dairy-milk-fruit-nut-chocolate-bar-36-g-490000243,0, 0,Jiomart
106,Omahi Potato Chips Magic Masala 46 gm, 50%  , 10.00, 20.00,https://www.jiomart.com/omahi-potato-chips-magic-masala-46-gm-491587205,0, 0,Jiomart
107,Fruitella Orange Candy 45 g (Stick), 7%  , 27.90, 30.00,https://www.jiomart.com/fruitella-orange-candy-45-g-stick-490432375,0, 0,Jiomart
108,Cadbury Perk Twin Wafer Chocolate Bar 28 g, 7%  , 9.30, 10.00,https://www.jiomart.com/cadbury-perk-twin-wafer-chocolate-bar-28-g-491074314,0, 0,Jiomart
109,Cadbury Fuse Chocolate Bar 25 g + 2.5 g, 7%  , 18.60, 20.00,https://www.jiomart.com/cadbury-fuse-chocolate-bar-25-g-2-5-g-491297816,0, 0,Jiomart
110,Dukes Creme 4 Fun Cream Biscuits Combo Pack 450 g, 10%  , 53.00, 59.00,https://www.jiomart.com/dukes-creme-4-fun-cream-biscuits-combo-pack-450-g-491228310,0, 0,Jiomart
111,Cadbury Fuse Chocolate Bar 50 g, 17%  , 29.00, 35.00,https://www.jiomart.com/cadbury-fuse-chocolate-bar-50-g-491297817,0, 0,Jiomart
112,MTR Instant Rava Idli Mix 1 kg, 24%  , 155.00, 205.00,https://www.jiomart.com/mtr-instant-rava-idli-mix-1-kg-490009574,0, 0,Jiomart
113,Parle Hide & Seek Chocolate Chip Cookies 100 g, 10%  , 27.00, 30.00,https://www.jiomart.com/parle-hide-seek-chocolate-chip-cookies-100-g-491062929,0, 0,Jiomart
114,Parle Monaco Classic Regular Salted Biscuits 400 g, 18%  , 49.00, 60.00,https://www.jiomart.com/parle-monaco-classic-regular-salted-biscuits-400-g-491439006,0, 0,Jiomart
115,Parle Krack Jack Biscuits 400 g, 18%  , 49.00, 60.00,https://www.jiomart.com/parle-krack-jack-biscuits-400-g-491439007,0, 0,Jiomart
116,Kellogg's Chocos Variety Pack 156 g, 17%  , 50.00, 60.00,https://www.jiomart.com/kellogg-s-chocos-variety-pack-156-g-491231632,0, 0,Jiomart
117,Snickers Chocolate Bar 50 g, 25%  , 30.00, 40.00,https://www.jiomart.com/snickers-chocolate-bar-50-g-490000493,0, 0,Jiomart
118,MTR Instant Rice Idli Mix 500 g, 10%  , 99.00, 110.00,https://www.jiomart.com/mtr-instant-rice-idli-mix-500-g-490009197,0, 0,Jiomart
119,Cadbury Dairy Milk Crackle Chocolate Bar 36 g, 7%  , 41.85, 45.00,https://www.jiomart.com/cadbury-dairy-milk-crackle-chocolate-bar-36-g-490000239,0, 0,Jiomart
120,Cadbury Dairy Milk Chocolate Bar 150 g (Family Pack), 10%  , 144.00, 160.00,https://www.jiomart.com/cadbury-dairy-milk-chocolate-bar-150-g-family-pack-490659554,0, 0,Jiomart
121,Cadbury Dairy Milk Silk Fruit & Nut Chocolate Bar 55 g, 7%  , 65.10, 70.00,https://www.jiomart.com/cadbury-dairy-milk-silk-fruit-nut-chocolate-bar-55-g-490659555,0, 0,Jiomart
122,Snactac Masala Instant Noodles 300 g, 50%  , 35.00, 70.00,https://www.jiomart.com/snactac-masala-instant-noodles-300-g-491551662,0, 0,Jiomart
123,Kissan Mixed Fruit Jam 700 g, 12%  , 190.00, 215.00,https://www.jiomart.com/kissan-mixed-fruit-jam-700-g-490957857,0, 0,Jiomart
124,Healthy Life Choco Flakes 350 g (Buy 1 Get 1),0, 189.00, 189.00,https://www.jiomart.com/healthy-life-choco-flakes-350-g-buy-1-get-1-491282475,0, 0,Jiomart
125,Piknik Tomato Chilli Sticks 70 g, 50%  , 25.00, 50.00,https://www.jiomart.com/piknik-tomato-chilli-sticks-70-g-490200915,0, 0,Jiomart
126,Cadbury Dairy Milk Home Treats Mini Chocolate Bar 140 g, 7%  , 138.57, 149.00,https://www.jiomart.com/cadbury-dairy-milk-home-treats-mini-chocolate-bar-140-g-491062305,0, 0,Jiomart
127,Parle Hide & Seek Milano Chocolate Chip Cookies 75 g, 7%  , 27.90, 30.00,https://www.jiomart.com/parle-hide-seek-milano-chocolate-chip-cookies-75-g-490985513,0, 0,Jiomart
128,Paper Boat Peanut Chikki 28 g, 20%  , 8.00, 10.00,https://www.jiomart.com/paper-boat-peanut-chikki-28-g-491317027,0, 0,Jiomart
129,Dukes Waffy Chocolate Flavoured Wafers 75 g, 50%  , 22.50, 45.00,https://www.jiomart.com/dukes-waffy-chocolate-flavoured-wafers-75-g-490006488,0, 0,Jiomart
130,Parle-G Biscuits 110 g (Get +20 g Extra), 7%  , 9.30, 10.00,https://www.jiomart.com/parle-g-biscuits-110-g-get-20-g-extra-491539619,0, 0,Jiomart
131,Healthy Life Oats 1 kg, 50%  , 95.00, 190.00,https://www.jiomart.com/healthy-life-oats-1-kg-490910130,0, 0,Jiomart
132,Dukes Waffy Strawberry Wafer Rolls 250 g, 50%  , 75.00, 150.00,https://www.jiomart.com/dukes-waffy-strawberry-wafer-rolls-250-g-490870963,0, 0,Jiomart
133,Britannia Marie Gold Biscuits 120 g (Buy 4 Get 1), 7%  , 55.80, 60.00,https://www.jiomart.com/britannia-marie-gold-biscuits-120-g-buy-4-get-1-491249718,0, 0,Jiomart
134,Snactac Italian Veg Soup 60 g (Pouch), 50%  , 24.50, 49.00,https://www.jiomart.com/snactac-italian-veg-soup-60-g-pouch-491600063,0, 0,Jiomart
135,Parle-G Biscuits 55 g (Get +10 g Extra), 7%  , 4.65, 5.00,https://www.jiomart.com/parle-g-biscuits-55-g-get-10-g-extra-491538751,0, 0,Jiomart
136,Cadbury Five Star Chocolate 19.5 g, 7%  , 9.30, 10.00,https://www.jiomart.com/cadbury-five-star-chocolate-19-5-g-490001857,0, 0,Jiomart
137,Dukes Waffy Choco Wafer Rolls 250 g, 50%  , 75.00, 150.00,https://www.jiomart.com/dukes-waffy-choco-wafer-rolls-250-g-490870964,0, 0,Jiomart
138,Bagrry's Original & Healthier Cornflakes Plus 880 g, 31%  , 229.00, 330.00,https://www.jiomart.com/bagrry-s-original-healthier-cornflakes-plus-880-g-491379262,0, 0,Jiomart
139,Sunfeast Yippee Magic Masala Instant Noodles 360 g, 12%  , 60.00, 68.00,https://www.jiomart.com/sunfeast-yippee-magic-masala-instant-noodles-360-g-491337398,0, 0,Jiomart
140,Cucumber - Kg,0, 36.00, 36.00,https://www.jiomart.com/cucumber-kg-590000170,0, 0,Jiomart
141,Bottle Gourd 1 Kg,0, 29.00, 29.00,https://www.jiomart.com/bottle-gourd-1-kg-590000174,0, 0,Jiomart
142,Potato 1Kg Pack,0, 32.00, 32.00,https://www.jiomart.com/potato-1kg-pack-590003309,0, 0,Jiomart
143,Mango Alphanso 1/2 Dozen (Mumbai/Pune only),0, 289.00, 289.00,https://www.jiomart.com/mango-alphanso-1-2-dozen-mumbai-pune-only-590002403,0, 0,Jiomart
144,Onion White per Kg,0, 64.00, 64.00,https://www.jiomart.com/onion-white-per-kg-590000096,0, 0,Jiomart
145,Small Colocasia per Kg,0, 109.00, 109.00,https://www.jiomart.com/small-colocasia-per-kg-590004128,0, 0,Jiomart
146,Apple Red 6 Piece Pack,0, 149.00, 149.00,https://www.jiomart.com/apple-red-6-piece-pack-590001722,0, 0,Jiomart
147,Dates Imported 400 gm Pack,0, 149.00, 149.00,https://www.jiomart.com/dates-imported-400-gm-pack-590002744,0, 0,Jiomart
148,Lemon - 100 g,0, 7.90, 7.90,https://www.jiomart.com/lemon-100-g-590004153,0, 0,Jiomart
149,Mango Badami 1 Kg,0, 98.00, 98.00,https://www.jiomart.com/mango-badami-1-kg-590000050,0, 0,Jiomart
150,Ridge Gourd 1 Kg,0, 69.00, 69.00,https://www.jiomart.com/ridge-gourd-1-kg-590000178,0, 0,Jiomart
151,Sweet Corn per Piece,0, 14.00, 14.00,https://www.jiomart.com/sweet-corn-per-piece-590001266,0, 0,Jiomart
152,Musk Melon per Kg,0, 32.00, 32.00,https://www.jiomart.com/musk-melon-per-kg-590000051,0, 0,Jiomart
153,Watermelon Kiran 2.5 Kg,0, 40.00, 40.00,https://www.jiomart.com/watermelon-kiran-2-5-kg-590000692,0, 0,Jiomart
154,Onion 1 Kg Pack,0, 21.00, 21.00,https://www.jiomart.com/onion-1-kg-pack-590002741,0, 0,Jiomart
155,Ginger Indian - 200 gm,0, 23.80, 23.80,https://www.jiomart.com/ginger-indian-200-gm-590003531,0, 0,Jiomart
156,Capsicum Green - 500 g,0, 21.00, 21.00,https://www.jiomart.com/capsicum-green-500-g-590003662,0, 0,Jiomart
157,Garlic Indian 200 gm,0, 31.00, 31.00,https://www.jiomart.com/garlic-indian-200-gm-590003532,0, 0,Jiomart
158,Chilli Green - 200 gram,0, 15.80, 15.80,https://www.jiomart.com/chilli-green-200-gram-590003533,0, 0,Jiomart
159,Cabbage per Piece,0, 9.00, 9.00,https://www.jiomart.com/cabbage-per-piece-590002370,0, 0,Jiomart
160,Muffets & Tuffets Burger Bun 150 g, 50%  , 15.00, 30.00,https://www.jiomart.com/muffets-tuffets-burger-bun-150-g-491695022,0, 0,Jiomart
161,Muffets & Tuffets Fruit Bun 150 g, 50%  , 15.00, 30.00,https://www.jiomart.com/muffets-tuffets-fruit-bun-150-g-491695020,0, 0,Jiomart
162,Amul Cheese Block 1 Kg, 7%  , 421.29, 453.00,https://www.jiomart.com/amul-cheese-block-1-kg-490010199,0, 0,Jiomart
163,Muffets & Tuffets Ladipav 180 g, 50%  , 15.00, 30.00,https://www.jiomart.com/muffets-tuffets-ladipav-180-g-491695021,0, 0,Jiomart
164,Muffets & Tuffets Garlic Bread 150 g, 50%  , 15.00, 30.00,https://www.jiomart.com/muffets-tuffets-garlic-bread-150-g-491695019,0, 0,Jiomart
165,Go Processed Cheese Slices Plain 750 g, 7%  , 362.70, 390.00,https://www.jiomart.com/go-processed-cheese-slices-plain-750-g-490800935,0, 0,Jiomart
166,Freshly Baked Rusk 200 gm, 50%  , 19.00, 38.00,https://www.jiomart.com/freshly-baked-rusk-200-gm-491390124,0, 0,Jiomart
167,Wibs Browny Whole Wheat Bread 400 g, 7%  , 37.20, 40.00,https://www.jiomart.com/wibs-browny-whole-wheat-bread-400-g-490626264,0, 0,Jiomart
168,Chitale Pure Ghee 1 L (Carton), 7%  , 511.50, 550.00,https://www.jiomart.com/chitale-pure-ghee-1-l-carton-490783207,0, 0,Jiomart
169,Gowardhan Cheese Slices Plain 476 g, 22%  , 279.00, 360.00,https://www.jiomart.com/gowardhan-cheese-slices-plain-476-g-490800934,0, 0,Jiomart
170,Muffets & Tuffets Pizza Base (2ea) 180 g, 50%  , 15.00, 30.00,https://www.jiomart.com/muffets-tuffets-pizza-base-2ea-180-g-491695017,0, 0,Jiomart
171,Muffets And Tuffets White Bread 400 gm, 50%  , 18.50, 37.00,https://www.jiomart.com/muffets-and-tuffets-white-bread-400-gm-491641380,0, 0,Jiomart
172,Wibs Bread 400 g, 7%  , 26.04, 28.00,https://www.jiomart.com/wibs-bread-400-g-490626261,0, 0,Jiomart
173,Parle Real Elaichi Premium Rusk 273 g, 15%  , 34.00, 40.00,https://www.jiomart.com/parle-real-elaichi-premium-rusk-273-g-491213993,0, 0,Jiomart
174,Gowardhan Pure Cow Ghee 1 L (Pouch), 12%  , 499.00, 570.00,https://www.jiomart.com/gowardhan-pure-cow-ghee-1-l-pouch-490010244,0, 0,Jiomart
175,Amul Taaza Homogenised Toned Long Life Milk 1 L (Tetra Pak), 8%  , 59.00, 64.00,https://www.jiomart.com/amul-taaza-homogenised-toned-long-life-milk-1-l-tetra-pak-490010311,0, 0,Jiomart
176,Britannia 100% Whole Wheat Bread 400 g, 7%  , 37.20, 40.00,https://www.jiomart.com/britannia-100-whole-wheat-bread-400-g-491127282,0, 0,Jiomart
177,Amul Gold Homogenised Standardised Long Life Milk 1 L (Tetra Pak), 4%  , 65.00, 68.00,https://www.jiomart.com/amul-gold-homogenised-standardised-long-life-milk-1-l-tetra-pak-490001545,0, 0,Jiomart
178,Gowardhan Fresh Paneer 200 g, 9%  , 77.00, 85.00,https://www.jiomart.com/gowardhan-fresh-paneer-200-g-490863551,0, 0,Jiomart
179,Dove Hairfall Rescue Therapy 650 ml, 38%  , 310.00, 500.00,https://www.jiomart.com/dove-hairfall-rescue-therapy-650-ml-490915866,0, 0,Jiomart
180,Dove HT Daily Shine Therapy 650 ml, 38%  , 310.00, 500.00,https://www.jiomart.com/dove-ht-daily-shine-therapy-650-ml-490729027,0, 0,Jiomart
181,Protective mask with 3 layers of protection (Pack of 50), 38%  , 499.00, 800.00,https://www.jiomart.com/protective-mask-with-3-layers-of-protection-pack-of-50-491802833,0, 0,Jiomart
182,Sensodyne Repair & Protect Toothpaste 70 g, 7%  , 162.00, 175.00,https://www.jiomart.com/sensodyne-repair-protect-toothpaste-70-g-491053382,0, 0,Jiomart
183,Pond's Pure White Anti Pollution + Purity Face Wash with Activated Charcoal 100 g, 7%  , 176.70, 190.00,https://www.jiomart.com/pond-s-pure-white-anti-pollution-purity-face-wash-with-activated-charcoal-100-g-490809417,0, 0,Jiomart
184,Pond's Dreamflower Pink Lily Fragrant Talc 400 g (Container), 25%  , 210.00, 280.00,https://www.jiomart.com/pond-s-dreamflower-pink-lily-fragrant-talc-400-g-container-490008636,0, 0,Jiomart
185,Get Real Lavender Talc Powder 1+1 300 gm, 50%  , 94.50, 189.00,https://www.jiomart.com/get-real-lavender-talc-powder-1-1-300-gm-491639109,0, 0,Jiomart
186,Pantene Hair Fall Control Shampoo 650 ml, 25%  , 375.00, 500.00,https://www.jiomart.com/pantene-hair-fall-control-shampoo-650-ml-490740298,0, 0,Jiomart
187,Dettol Original Soap 125 g (Buy 4 Get 1 Free), 10%  , 180.00, 200.00,https://www.jiomart.com/dettol-original-soap-125-g-buy-4-get-1-free-491107791,0, 0,Jiomart
188,Stayfree Dry-Max All Night Ultra Sanitary Napkin with Wings (XL) 28 pads, 10%  , 305.00, 340.00,https://www.jiomart.com/stayfree-dry-max-all-night-ultra-sanitary-napkin-with-wings-xl-28-pads-490792394,0, 0,Jiomart
189,Pantene Silky Smooth Care Shampoo 650 ml, 25%  , 375.00, 500.00,https://www.jiomart.com/pantene-silky-smooth-care-shampoo-650-ml-490740299,0, 0,Jiomart
190,Calcident Total Care Fluoridated Toothpaste 75 g (Buy 1 Get 1 Free), 12%  , 57.00, 65.00,https://www.jiomart.com/calcident-total-care-fluoridated-toothpaste-75-g-buy-1-get-1-free-491238732,0, 0,Jiomart
191,Clean & Clear Oil Free Foaming Face Wash 150 ml, 12%  , 146.00, 165.00,https://www.jiomart.com/clean-clear-oil-free-foaming-face-wash-150-ml-491000010,0, 0,Jiomart
192,Dettol Fresh Fragrance Multi-Use Hygiene Liquid 500 ml, 10%  , 174.00, 193.00,https://www.jiomart.com/dettol-fresh-fragrance-multi-use-hygiene-liquid-500-ml-490935500,0, 0,Jiomart
193,Patanjali Dant Kanti Dental Cream 100 g, 7%  , 41.85, 45.00,https://www.jiomart.com/patanjali-dant-kanti-dental-cream-100-g-491061077,0, 0,Jiomart
194,Petals Ultra Comfort Sanitary Napkin with Wings (XL+) 7 pads, 50%  , 52.50, 105.00,https://www.jiomart.com/petals-ultra-comfort-sanitary-napkin-with-wings-xl-7-pads-491439067,0, 0,Jiomart
195,Fogg Fantastic Dynamic Fragrance Body Spray 120 ml, 50%  , 100.00, 200.00,https://www.jiomart.com/fogg-fantastic-dynamic-fragrance-body-spray-120-ml-491491288,0, 0,Jiomart
196,Iodex Fast Relief Balm 40 g, 15%  , 110.00, 130.00,https://www.jiomart.com/iodex-fast-relief-balm-40-g-490020774,0, 0,Jiomart
197,Dettol Cool Soap with Crispy Menthol 125 g (Pack of 4), 7%  , 163.68, 176.00,https://www.jiomart.com/dettol-cool-soap-with-crispy-menthol-125-g-pack-of-4-491107792,0, 0,Jiomart
198,Eno Regular Fruit Salt 100 g, 7%  , 111.60, 120.00,https://www.jiomart.com/eno-regular-fruit-salt-100-g-490020771,0, 0,Jiomart
199,Colgate Max Fresh Spicy Fresh Red Gel Toothpaste 150 g (Pack of 2), 28%  , 118.00, 164.00,https://www.jiomart.com/colgate-max-fresh-spicy-fresh-red-gel-toothpaste-150-g-pack-of-2-491016281,0, 0,Jiomart
200,Dettol Original Liquid Handwash 175 ml, 7%  , 53.94, 58.00,https://www.jiomart.com/dettol-original-liquid-handwash-175-ml-490002857,0, 0,Jiomart
201,Patanjali Aloe Vera Kanti Body Cleanser 75 g, 7%  , 13.95, 15.00,https://www.jiomart.com/patanjali-aloe-vera-kanti-body-cleanser-75-g-491061083,0, 0,Jiomart
202,Colgate Strong Teeth Dental Cream Toothpaste (Buy 2 200 g Get 100 g Free), 14%  , 179.00, 209.00,https://www.jiomart.com/colgate-strong-teeth-dental-cream-toothpaste-buy-2-200-g-get-100-g-free-491055460,0, 0,Jiomart
203,Fair & Lovely Advanced Multi Vitamin Fairness Cream 25 g, 7%  , 50.22, 54.00,https://www.jiomart.com/fair-lovely-advanced-multi-vitamin-fairness-cream-25-g-490008340,0, 0,Jiomart
204,Bajaj Almond Drops Hair Oil 100 ml, 7%  , 60.45, 65.00,https://www.jiomart.com/bajaj-almond-drops-hair-oil-100-ml-490003989,0, 0,Jiomart
205,Godrej No.1 Lime & Aloe Vera Soap 100 g (Buy 4 Get 1 Free), 7%  , 70.68, 76.00,https://www.jiomart.com/godrej-no-1-lime-aloe-vera-soap-100-g-buy-4-get-1-free-490560274,0, 0,Jiomart
206,Dettol Original Liquid Handwash 200 ml, 7%  , 92.07, 99.00,https://www.jiomart.com/dettol-original-liquid-handwash-200-ml-490002821,0, 0,Jiomart
207,Kamasutra Urge Men Deodorant Spray 150 ml, 50%  , 105.00, 210.00,https://www.jiomart.com/kamasutra-urge-men-deodorant-spray-150-ml-490820464,0, 0,Jiomart
208,Lifebuoy Total Handwash 750 ml, 16%  , 100.00, 119.00,https://www.jiomart.com/lifebuoy-total-handwash-750-ml-491252851,0, 0,Jiomart
209,Nivea Protect & Care Deodorant 150 ml, 10%  , 179.10, 199.00,https://www.jiomart.com/nivea-protect-care-deodorant-150-ml-491278206,0, 0,Jiomart
210,Cinthol Cool Deo Soap with Menthol (Buy 3 X 125 g + Get 75 g Free), 7%  , 119.97, 129.00,https://www.jiomart.com/cinthol-cool-deo-soap-with-menthol-buy-3-x-125-g-get-75-g-free-490258831,0, 0,Jiomart
211,Closeup Ever Fresh Red Hot Gel Toothpaste 150 g (Pack of 2), 33%  , 101.00, 150.00,https://www.jiomart.com/closeup-ever-fresh-red-hot-gel-toothpaste-150-g-pack-of-2-490008332,0, 0,Jiomart
212,Colgate Max Fresh Peppermint Ice Blue Gel Toothpaste 150 g, 7%  , 85.56, 92.00,https://www.jiomart.com/colgate-max-fresh-peppermint-ice-blue-gel-toothpaste-150-g-490002184,0, 0,Jiomart
213,Sensodyne Sensitive Fresh Mint Toothpaste 150 g, 7%  , 176.00, 190.00,https://www.jiomart.com/sensodyne-sensitive-fresh-mint-toothpaste-150-g-490959103,0, 0,Jiomart
214,Sensodyne Sensitive Fresh Gel Toothpaste 150 g, 7%  , 176.70, 190.00,https://www.jiomart.com/sensodyne-sensitive-fresh-gel-toothpaste-150-g-490959102,0, 0,Jiomart
215,Dove Cream Beauty Bathing Soap 100 g (Pack of 3), 16%  , 130.00, 155.00,https://www.jiomart.com/dove-cream-beauty-bathing-soap-100-g-pack-of-3-490002441,0, 0,Jiomart
216,Lifebuoy Total 10 Germ Protection Soap 56 g, 7%  , 9.30, 10.00,https://www.jiomart.com/lifebuoy-total-10-germ-protection-soap-56-g-490059250,0, 0,Jiomart
217,Kamasutra Spark Men Deodorant Spray 250 ml, 50%  , 149.00, 299.00,https://www.jiomart.com/kamasutra-spark-men-deodorant-spray-250-ml-491397890,0, 0,Jiomart
218,Meswak Complete Oral Care Family Pack Toothpaste (200+ 100) g, 21%  , 116.00, 146.00,https://www.jiomart.com/meswak-complete-oral-care-family-pack-toothpaste-200-100-g-490729077,0, 0,Jiomart
219,Engage Mate Deodorant Spray for Men 150 ml, 50%  , 95.00, 190.00,https://www.jiomart.com/engage-mate-deodorant-spray-for-men-150-ml-491055503,0, 0,Jiomart
220,Dabur Gulabari Premium Rose Water 120 ml, 10%  , 40.50, 45.00,https://www.jiomart.com/dabur-gulabari-premium-rose-water-120-ml-490004836,0, 0,Jiomart
221,Nivea Men Cool Kick Deodorant 150 ml, 50%  , 105.00, 210.00,https://www.jiomart.com/nivea-men-cool-kick-deodorant-150-ml-490052705,0, 0,Jiomart
222,Engage Men Urge Deodorant 150 ml, 50%  , 95.00, 190.00,https://www.jiomart.com/engage-men-urge-deodorant-150-ml-491055504,0, 0,Jiomart
223,Colgate Sensitive Toothbrush (Pack of 4), 7%  , 92.07, 99.00,https://www.jiomart.com/colgate-sensitive-toothbrush-pack-of-4-491350163,0, 0,Jiomart
224,Parachute 100% Pure Coconut Oil 250 ml, 7%  , 93.00, 100.00,https://www.jiomart.com/parachute-100-pure-coconut-oil-250-ml-490632546,0, 0,Jiomart
225,Head & Shoulders Cool Menthol Anti-Dandruff Shampoo 650 ml, 25%  , 412.50, 550.00,https://www.jiomart.com/head-shoulders-cool-menthol-anti-dandruff-shampoo-650-ml-490729043,0, 0,Jiomart
226,KS Spark Power Series 135 ml, 50%  , 105.00, 210.00,https://www.jiomart.com/ks-spark-power-series-135-ml-491600033,0, 0,Jiomart
227,Engage XX2 Cologne Spray for Men 135 ml, 50%  , 125.00, 250.00,https://www.jiomart.com/engage-xx2-cologne-spray-for-men-135-ml-491179956,0, 0,Jiomart
228,Supermax Shaving Foam 400ml-Classic, 50%  , 99.00, 199.00,https://www.jiomart.com/supermax-shaving-foam-400ml-classic-491187125,0, 0,Jiomart
229,Bajaj Almond Drops Non Sticky Hair Oil 500 ml, 21%  , 222.00, 280.00,https://www.jiomart.com/bajaj-almond-drops-non-sticky-hair-oil-500-ml-490927158,0, 0,Jiomart
230,Pears Pure & Gentle Soap with Natural Oils 125 g (Pack of 3), 24%  , 114.00, 150.00,https://www.jiomart.com/pears-pure-gentle-soap-with-natural-oils-125-g-pack-of-3-490337869,0, 0,Jiomart
231,Colgate Maxfresh Blue Saverpack 300 gm, 12%  , 144.00, 164.00,https://www.jiomart.com/colgate-maxfresh-blue-saverpack-300-gm-491639099,0, 0,Jiomart
232,Colgate Zig Zag Black (Soft) Toothbrush (Pack of 4), 7%  , 92.07, 99.00,https://www.jiomart.com/colgate-zig-zag-black-soft-toothbrush-pack-of-4-491276478,0, 0,Jiomart
233,Stayfree Secure Cottony Soft Cover Sanitary Napkin with Wings (XL) 7 pads, 7%  , 32.55, 35.00,https://www.jiomart.com/stayfree-secure-cottony-soft-cover-sanitary-napkin-with-wings-xl-7-pads-490824630,0, 0,Jiomart
234,Parachute 100% Pure Coconut Oil 500 ml,0, 199.00, 199.00,https://www.jiomart.com/parachute-100-pure-coconut-oil-500-ml-490002125,0, 0,Jiomart
235,Colgate Active Salt Toothpaste (200 + 100) g, 10%  , 119.00, 132.00,https://www.jiomart.com/colgate-active-salt-toothpaste-200-100-g-491046205,0, 0,Jiomart
236,Sensodyne Sensitive (Soft) Toothbrush, 7%  , 46.50, 50.00,https://www.jiomart.com/sensodyne-sensitive-soft-toothbrush-490928952,0, 0,Jiomart
237,Santoor Sandal & Turmeric Soap 125 g (Pack of 4), 17%  , 125.00, 150.00,https://www.jiomart.com/santoor-sandal-turmeric-soap-125-g-pack-of-4-490002255,0, 0,Jiomart
238,Stayfree All Night Ultra-Dry Max Sanitary Napkin with Wings (XL) 42 pads, 22%  , 350.00, 450.00,https://www.jiomart.com/stayfree-all-night-ultra-dry-max-sanitary-napkin-with-wings-xl-42-pads-491487024,0, 0,Jiomart
239,Stayfree Secure Cottony Soft Sanitary Napkin with Wings (XL) 20 pads, 10%  , 70.00, 78.00,https://www.jiomart.com/stayfree-secure-cottony-soft-sanitary-napkin-with-wings-xl-20-pads-490575427,0, 0,Jiomart
240,Parachute 100% Pure Coconut Oil 100 ml, 7%  , 36.27, 39.00,https://www.jiomart.com/parachute-100-pure-coconut-oil-100-ml-490002123,0, 0,Jiomart
241,Lizol Disinfectant Floor Cleaner Citrus 500 ml Bottle, 7%  , 91.14, 98.00,https://www.jiomart.com/lizol-disinfectant-floor-cleaner-citrus-500-ml-bottle-490002740,0, 0,Jiomart
242,Rin Ala Fabric Whitener 500 ml, 8%  , 57.00, 62.00,https://www.jiomart.com/rin-ala-fabric-whitener-500-ml-490003766,0, 0,Jiomart
243,Lizol Floral Disinfectant Surface Cleaner 500 ml, 7%  , 91.14, 98.00,https://www.jiomart.com/lizol-floral-disinfectant-surface-cleaner-500-ml-490002742,0, 0,Jiomart
244,Xpert Dishwash Bar 150 g, 7%  , 9.30, 10.00,https://www.jiomart.com/xpert-dishwash-bar-150-g-491692491,0, 0,Jiomart
245,Camlin Extra Long Wax Crayon With 2 Glitter Shades (26 Shades), 18%  , 49.00, 60.00,https://www.jiomart.com/camlin-extra-long-wax-crayon-with-2-glitter-shades-26-shades-490917063,0, 0,Jiomart
246,Exo Touch & Shine Anti-Bacterial Round Dishwash Bar 500 g, 10%  , 43.20, 48.00,https://www.jiomart.com/exo-touch-shine-anti-bacterial-round-dishwash-bar-500-g-490740295,0, 0,Jiomart
247,Vim Dishwash Bar 145 g, 7%  , 9.30, 10.00,https://www.jiomart.com/vim-dishwash-bar-145-g-490002364,0, 0,Jiomart
248,Harpic Power Plus Original Disinfectant Toilet Cleaner 1 L, 18%  , 138.00, 168.00,https://www.jiomart.com/harpic-power-plus-original-disinfectant-toilet-cleaner-1-l-490930507,0, 0,Jiomart
249,Enzo Matic Top Load Det Liq. 1+1 500 ml Bottle,0, 135.00, 135.00,https://www.jiomart.com/enzo-matic-top-load-det-liq-1-1-500-ml-bottle-491437379,0, 0,Jiomart
250,Mangaldeep 4 In1 Agarbatti Ziplock - 120 Sticks, 50%  , 32.50, 65.00,https://www.jiomart.com/mangaldeep-4-in1-agarbatti-ziplock-120-sticks-491584192,0, 0,Jiomart
251,Camlin Exam Sharpener Pack Of 5, 15%  , 12.75, 15.00,https://www.jiomart.com/camlin-exam-sharpener-pack-of-5-490917070,0, 0,Jiomart
252,Mangaldeep Mogra Gold Agarbatti Ziplock - 120 Sticks, 50%  , 32.50, 65.00,https://www.jiomart.com/mangaldeep-mogra-gold-agarbatti-ziplock-120-sticks-491584193,0, 0,Jiomart
253,Enzo Matic Front Load Det Liq. 1+1 500 ml Bottle,0, 135.00, 135.00,https://www.jiomart.com/enzo-matic-front-load-det-liq-1-1-500-ml-bottle-491437380,0, 0,Jiomart
254,Mangaldeep Rose Agarbatti Ziplock - 120 Sticks, 50%  , 32.50, 65.00,https://www.jiomart.com/mangaldeep-rose-agarbatti-ziplock-120-sticks-491584194,0, 0,Jiomart
255,Apsara Non-Dust Regular Eraser (Pack of 5), 10%  , 13.50, 15.00,https://www.jiomart.com/apsara-non-dust-regular-eraser-pack-of-5-490268330,0, 0,Jiomart
256,Camlin Students Writing Kit, 10%  , 44.10, 49.00,https://www.jiomart.com/camlin-students-writing-kit-491041878,0, 0,Jiomart
257,Surf Excel Easy Wash Washing Powder 1 kg, 8%  , 108.00, 118.00,https://www.jiomart.com/surf-excel-easy-wash-washing-powder-1-kg-491278427,0, 0,Jiomart
258,Good Knight Fabric Roll-On Personal Repellent 8 ml, 7%  , 69.75, 75.00,https://www.jiomart.com/good-knight-fabric-roll-on-personal-repellent-8-ml-491296219,0, 0,Jiomart
259,Tide Detergent Bar 200 g (Pack of 5), 8%  , 72.00, 78.00,https://www.jiomart.com/tide-detergent-bar-200-g-pack-of-5-490958423,0, 0,Jiomart
260,Exo Touch & Shine Anti-Bacterial Round Dishwash Bar 700 g (Free Scrubber), 27%  , 49.00, 67.00,https://www.jiomart.com/exo-touch-shine-anti-bacterial-round-dishwash-bar-700-g-free-scrubber-491167952,0, 0,Jiomart
261,Vim Dishwash Bar 200 g (Pack of 3), 11%  , 40.00, 45.00,https://www.jiomart.com/vim-dishwash-bar-200-g-pack-of-3-490346029,0, 0,Jiomart
262,Godrej Aer Pocket Violet Valley Bloom Bathroom Freshener 10 g, 7%  , 51.15, 55.00,https://www.jiomart.com/godrej-aer-pocket-violet-valley-bloom-bathroom-freshener-10-g-491249502,0, 0,Jiomart
263,Vim Lemon Dishwash Gel 750 ml, 7%  , 143.80, 155.00,https://www.jiomart.com/vim-lemon-dishwash-gel-750-ml-490896732,0, 0,Jiomart
264,Surf Excel Easy Wash Detergent Powder 4Kg, 16%  , 416.00, 496.00,https://www.jiomart.com/surf-excel-easy-wash-detergent-powder-4kg-490015763,0, 0,Jiomart
265,Explez Toilet Cleaner Regular 500 ml + Mopz Lime Floor Cleaner 500 ml, 10%  , 89.00, 99.00,https://www.jiomart.com/explez-toilet-cleaner-regular-500-ml-mopz-lime-floor-cleaner-500-ml-491440098,0, 0,Jiomart
266,Eveready AAA CZN Batteries 1012 (Pack Of 10), 16%  , 109.00, 130.00,https://www.jiomart.com/eveready-aaa-czn-batteries-1012-pack-of-10-490809579,0, 0,Jiomart
267,Explez Toilet Cleaner Regular 500 ml + Mopz Floral Floor Cleaner 500 ml, 10%  , 89.00, 99.00,https://www.jiomart.com/explez-toilet-cleaner-regular-500-ml-mopz-floral-floor-cleaner-500-ml-491440097,0, 0,Jiomart
268,"Godrej Ezee Winterwear, Chiffon & Silks Liquid Detergent 470 ml", 7%  , 83.70, 90.00,https://www.jiomart.com/godrej-ezee-winterwear-chiffon-silks-liquid-detergent-470-ml-490002585,0, 0,Jiomart
269,Cleaning Combo Pack (500+500+250) ml, 47%  , 137.00, 257.00,https://www.jiomart.com/cleaning-combo-pack-500-500-250-ml-490959214,0, 0,Jiomart
270,Duracell Ultra Alkaline AA Batteries (Pack Of 4), 25%  , 120.00, 160.00,https://www.jiomart.com/duracell-ultra-alkaline-aa-batteries-pack-of-4-490785263,0, 0,Jiomart
271,Ski Avengers Gift Set (Lunch & pencil box set), 60%  , 99.00, 249.00,https://www.jiomart.com/ski-avengers-gift-set-lunch-pencil-box-set-491653630,0, 0,Jiomart
272,Duracell Ultra Alkaline AAA Batteries (Pack Of 4), 25%  , 120.00, 160.00,https://www.jiomart.com/duracell-ultra-alkaline-aaa-batteries-pack-of-4-490785266,0, 0,Jiomart
273,Ski Frozen Gift Set (Lunch & pencil box set), 60%  , 99.00, 249.00,https://www.jiomart.com/ski-frozen-gift-set-lunch-pencil-box-set-491653628,0, 0,Jiomart
274,Surf Excel Matic Top Load Liquid Detergent 1.02 L, 16%  , 176.00, 209.00,https://www.jiomart.com/surf-excel-matic-top-load-liquid-detergent-1-02-l-491282429,0, 0,Jiomart
275,Cherry Blossom Black Shoe Polish 40 g, 7%  , 54.87, 59.00,https://www.jiomart.com/cherry-blossom-black-shoe-polish-40-g-490002689,0, 0,Jiomart
276,Patanjali Lemon and Wood Ash Super Dishwash Bar 175 g, 7%  , 9.30, 10.00,https://www.jiomart.com/patanjali-lemon-and-wood-ash-super-dishwash-bar-175-g-491184254,0, 0,Jiomart
277,Ghadi Detergent Powder 1 kg, 7%  , 51.15, 55.00,https://www.jiomart.com/ghadi-detergent-powder-1-kg-490523655,0, 0,Jiomart
278,Cherry Blossom White Shoe Cleaner 75 ml, 7%  , 51.15, 55.00,https://www.jiomart.com/cherry-blossom-white-shoe-cleaner-75-ml-490002703,0, 0,Jiomart
279,Safewash Front Load Matic 2 L Refill, 50%  , 195.00, 390.00,https://www.jiomart.com/safewash-front-load-matic-2-l-refill-491631729,0, 0,Jiomart
280,Mopz Pine Floor Cleaner 1 L (Buy 1 Get 1 Free), 50%  , 39.50, 79.00,https://www.jiomart.com/mopz-pine-floor-cleaner-1-l-buy-1-get-1-free-491600370,0, 0,Jiomart
281,Freshomz Premium Sanicubes 200 g, 11%  , 79.00, 89.00,https://www.jiomart.com/freshomz-premium-sanicubes-200-g-491376886,0, 0,Jiomart
282,Surf Excel Easy Wash 1.5 Kg, 17%  , 150.00, 180.00,https://www.jiomart.com/surf-excel-easy-wash-1-5-kg-490003796,0, 0,Jiomart
283,Eveready LED Bulb 9 Watt, 57%  , 65.00, 150.00,https://www.jiomart.com/eveready-led-bulb-9-watt-491361960,0, 0,Jiomart
284,Shinz Glass & Surface Cleaner 550 ml (Pack of 2),0, 99.00, 99.00,https://www.jiomart.com/shinz-glass-surface-cleaner-550-ml-pack-of-2-491135524,0, 0,Jiomart
285,"Cello Fine Grip Ball Pen, Blue Ink, Pack Of 5", 17%  , 29.00, 35.00,https://www.jiomart.com/cello-fine-grip-ball-pen-blue-ink-pack-of-5-490186975,0, 0,Jiomart
286,Gala Super Scrub, 29%  , 25.00, 35.00,https://www.jiomart.com/gala-super-scrub-491215020,0, 0,Jiomart
287,Xpert Dishwash Bar 150Gx3 Monthly Pack, 7%  , 37.20, 40.00,https://www.jiomart.com/xpert-dishwash-bar-150gx3-monthly-pack-491691937,0, 0,Jiomart
288,Harpic Power Plus Original Disinfectant Toilet Cleaner 500 ml, 7%  , 79.98, 86.00,https://www.jiomart.com/harpic-power-plus-original-disinfectant-toilet-cleaner-500-ml-490002757,0, 0,Jiomart
289,Surf Excel Quick Wash Washing Powder 1 kg, 8%  , 165.00, 180.00,https://www.jiomart.com/surf-excel-quick-wash-washing-powder-1-kg-490003777,0, 0,Jiomart
290,Lizol Citrus Disinfectant Surface Cleaner 975 ml, 13%  , 164.00, 189.00,https://www.jiomart.com/lizol-citrus-disinfectant-surface-cleaner-975-ml-490002753,0, 0,Jiomart
291,Scrubz Sponge Wipes 1 Pc Pack Of 3, 18%  , 99.00, 120.00,https://www.jiomart.com/scrubz-sponge-wipes-1-pc-pack-of-3-490680393,0, 0,Jiomart
292,Freshomz Pure Naphthalene Balls 100 g, 50%  , 20.00, 40.00,https://www.jiomart.com/freshomz-pure-naphthalene-balls-100-g-490642373,0, 0,Jiomart
293,Pril Active Lime Dishwash Liquid 750 ml, 12%  , 140.00, 160.00,https://www.jiomart.com/pril-active-lime-dishwash-liquid-750-ml-490415173,0, 0,Jiomart
294,Scrubz Stainless Steel Scrubber 1+1 Pack, 50%  , 15.00, 30.00,https://www.jiomart.com/scrubz-stainless-steel-scrubber-1-1-pack-491184312,0, 0,Jiomart
295,Camlin Kokuyo Tri Mech Pencil Set of 3 with Leads and XL Eraser, 17%  , 49.00, 59.00,https://www.jiomart.com/camlin-kokuyo-tri-mech-pencil-set-of-3-with-leads-and-xl-eraser-491089595,0, 0,Jiomart
